{
  "rows": [
    {
      "stock_code": "002837",
      "report_date": "2026-07-13",
      "market": 0,
      "code": "002837",
      "liutongguben": 1130458125.0,
      "province": 18,
      "industry": 26,
      "updated_date": 20260706,
      "ipo_date": 20161229,
      "zongguben": 1274349687.5,
      "guojiagu": 12350000.0,
      "faqirenfarengu": 480104687.5,
      "farengu": 9325857500.0,
      "bgu": 0.0,
      "hgu": 0.0,
      "zhigonggu": 99.99999776482582,
      "zongzichan": 77617630000.0,
      "liudongzichan": 60597525000.0,
      "gudingzichan": 8166725000.0,
      "wuxingzichan": 1468715937.5,
      "gudongrenshu": 268700.0,
      "liudongfuzhai": 37582177500.0,
      "changqifuzhai": 225938984.375,
      "zibengongjijin": 5001046875.0,
      "jingzichan": 34617802500.0,
      "zhuyingshouru": 11753292500.0,
      "zhuyinglirun": 8898011250.0,
      "yingshouzhangkuan": 30608877500.0,
      "yingyelirun": 63343999.0234375,
      "touzishouyu": 0.0,
      "jingyingxianjinliu": -3863640000.0,
      "zongxianjinliu": -3293095000.0,
      "cunhuo": 11819811250.0,
      "lirunzonghe": 68932001.953125,
      "shuihoulirun": 141610000.0,
      "jinglirun": 86575996.09375,
      "weifenpeilirun": 17858690000.0,
      "meigujingzichan": 2.7170000076293945,
      "baoliu2": 3.0
    }
  ],
  "server": "119.97.185.59:7709"
}
